home_team,home_win_rate,home_avg_score,home_games,away_win_rate,away_avg_score,away_games,win_rate_diff,score_diff
CTBC Brothers,0.5333333333333333,3.9916666666666667,120,0.5166666666666667,4.65,120,0.016666666666666607,-0.6583333333333337
Fubon Guardians,0.425,3.591666666666667,120,0.35833333333333334,3.316666666666667,120,0.06666666666666665,0.2749999999999999
Rakuten Monkeys,0.5083333333333333,4.7,120,0.575,4.708333333333333,120,-0.06666666666666665,-0.00833333333333286
Uni-Lions,0.5416666666666666,4.241666666666666,120,0.375,3.975,120,0.16666666666666663,0.26666666666666616
WeiChuan Dragons,0.5083333333333333,4.05,120,0.48333333333333334,3.875,120,0.024999999999999967,0.17499999999999982
